{"cameraMode":{"drawMode":0,"name":"Shaded","section":"Shading Mode"},"sceneLighting":false,"audioPlay":false,"sceneViewState":{"m_AlwaysRefresh":false,"showFog":true,"showSkybox":false,"showFlares":true,"showImageEffects":true,"showParticleSystems":true,"showVisualEffectGraphs":true,"m_FxEnabled":true},"in2DMode":false,"pivot":{"x":-4.940256595611572,"y":-4.796965599060059,"z":28.43228530883789},"rotation":{"x":0.1597973108291626,"y":0.013326100073754788,"z":-0.0021573908161371948,"w":0.9870578646659851},"size":12.769383430480957,"orthographic":false}